[
  {"id": "001", "amount": 0.1 },
  {"id": "002", "amount": 0.2 },
  {"id": "003", "amount": 0.1 },
  {"id": "004", "amount": 0 },
  {"id": "005", "amount": 0.1 },
  {"id": "006", "amount": 0.1 },
  {"id": "007", "amount": 0.1 },
  {"id": "008", "amount": 0.1 },
  {"id": "009", "amount": 0.1 },
  {"id": "010", "amount": 0 },
  {"id": "011", "amount": 0.1 },
  {"id": "012", "amount": 0 },
  {"id": "013", "amount": 0.1 },
  {"id": "014", "amount": 0.1 },
  {"id": "015", "amount": 0.1 },
  {"id": "016", "amount": 0 },
  {"id": "017", "amount": 0.1 },
  {"id": "018", "amount": 0.1 },
  {"id": "019", "amount": 0.1 },
  {"id": "020", "amount": 0 },
  {"id": "021", "amount": 0.1 },
  {"id": "022", "amount": 0.1 },
  {"id": "023", "amount": 0.1 },
  {"id": "024", "amount": 0.1 },
  {"id": "025", "amount": 0 },
  {"id": "026", "amount": 0.1 },
  {"id": "027", "amount": 0.1 },
  {"id": "028", "amount": 0.1 },
  {"id": "029", "amount": 0 },
  {"id": "030", "amount": 0.1 },
  {"id": "031", "amount": 0.1 },
  {"id": "032", "amount": 0.1 },
  {"id": "033", "amount": 0 },
  {"id": "034", "amount": 0.1 },
  {"id": "035", "amount": 0.1 },
  {"id": "036", "amount": 0.1 },
  {"id": "037", "amount": 0.1 },
  {"id": "038", "amount": 0.1 },
  {"id": "039", "amount": 0.1 },
  {"id": "040", "amount": 0 },
  {"id": "041", "amount": 0.1 },
  {"id": "042", "amount": 0 },
  {"id": "043", "amount": 0.1 },
  {"id": "044", "amount": 0.1 },
  {"id": "045", "amount": 0 },
  {"id": "046", "amount": 0.1 },
  {"id": "047", "amount": 0.1 },
  {"id": "048", "amount": 0 },
  {"id": "049", "amount": 0.1 },
  {"id": "050", "amount": 0.1 },
  {"id": "051", "amount": 0 },
  {"id": "052", "amount": 0.1 },
  {"id": "053", "amount": 0.1 },
  {"id": "054", "amount": 0.1 },
  {"id": "055", "amount": 0 },
  {"id": "056", "amount": 0.1 },
  {"id": "057", "amount": 0.1 },
  {"id": "058", "amount": 0 },
  {"id": "059", "amount": 0.1 },
  {"id": "060", "amount": 0.1 },
  {"id": "061", "amount": 0 },
  {"id": "062", "amount": 0.1 },
  {"id": "063", "amount": 0.1 },
  {"id": "064", "amount": 0 },
  {"id": "065", "amount": 0.1 },
  {"id": "066", "amount": 0.1 },
  {"id": "067", "amount": 0.1 },
  {"id": "068", "amount": 0 },
  {"id": "069", "amount": 0.1 },
  {"id": "070", "amount": 0.1 },
  {"id": "071", "amount": 0.1 },
  {"id": "072", "amount": 0.1 },
  {"id": "073", "amount": 0 },
  {"id": "074", "amount": 0.1 },
  {"id": "075", "amount": 0.1 },
  {"id": "076", "amount": 0.1 },
  {"id": "077", "amount": 0.1 },
  {"id": "078", "amount": 0.1 },
  {"id": "079", "amount": 0 },
  {"id": "080", "amount": 0.1 },
  {"id": "081", "amount": 0.1 },
  {"id": "082", "amount": 0.1 },
  {"id": "083", "amount": 0.1 },
  {"id": "084", "amount": 0.1 },
  {"id": "085", "amount": 0 },
  {"id": "086", "amount": 0.1 },
  {"id": "087", "amount": 0.1 },
  {"id": "088", "amount": 0.1 },
  {"id": "089", "amount": 0.1 },
  {"id": "090", "amount": 0.1 },
  {"id": "091", "amount": 0 },
  {"id": "092", "amount": 0.1 },
  {"id": "093", "amount": 0.1 },
  {"id": "094", "amount": 0.1 },
  {"id": "095", "amount": 0.1 },
  {"id": "096", "amount": 0 },
  {"id": "097", "amount": 0.1 },
  {"id": "098", "amount": 0.1 },
  {"id": "099", "amount": 0.1 },
  {"id": "0100", "amount": 0.1 }
]